{
  "project_info": {
    "project_number": "663616529378",
    "project_id": "foodon-91514",
    "storage_bucket": "foodon-91514.appspot.com"
  },
  "client": [
    {
      "client_info": {
        "mobilesdk_app_id": "1:663616529378:android:643eb94c7089de49350fbb",
        "android_client_info": {
          "package_name": "my.foodon.app"
        }
      },
      "oauth_client": [
        {
          "client_id": "663616529378-85sufojilaji1v7agi5mgsam9u87idrn.apps.googleusercontent.com",
          "client_type": 3
        }
      ],
      "api_key": [
        {
          "current_key": "AIzaSyBbGId9v_eNX-rhZ3qo7Z7Nkc6Er7zQTEc"
        }
      ],
      "services": {
        "appinvite_service": {
          "other_platform_oauth_client": [
            {
              "client_id": "663616529378-85sufojilaji1v7agi5mgsam9u87idrn.apps.googleusercontent.com",
              "client_type": 3
            }
          ]
        }
      }
    }
  ],
  "configuration_version": "1"
}